{
  "success": true,
  "result": {
    "player": {
      "name": "weikeng",
      "x": 121.7415527485987,
      "y": 58.5,
      "z": -221.69999998807907,
      "yaw": 139.35000610351562,
      "pitch": 4.9500017166137695,
      "hotbarSlot": 0,
      "health": 20,
      "maxHealth": 20,
      "food": 20,
      "saturation": 0,
      "dimension": "minecraft:overworld",
      "biome": "",
      "velocity": {
        "x": 0,
        "y": -0.0784000015258789,
        "z": 0
      },
      "look": {
        "x": -0.6490723490715027,
        "y": -0.08627490699291229,
        "z": -0.7558186054229736
      }
    },
    "target": {
      "type": "block",
      "x": 120,
      "y": 59,
      "z": -224,
      "face": "south"
    },
    "world": {
      "dayTime": 5969261405,
      "isRaining": false,
      "isThundering": false
    },
    "fps": 114,
    "version": "1.19"
  }
}
